{
  "git": {
    "commitMessage": "chore: release ${version}"
  },
  "github": {
    "release": true
  },
  "npm": {
    "publish": false
  },
  "plugins": {
    "@release-it/conventional-changelog": {
      "infile": "CHANGELOG.md",
      "preset": {
        "name": "conventionalcommits",
        "types": [
          {
            "type": "feat",
            "section": "Features"
          },
          {
            "type": "fix",
            "section": "Bug Fixes"
          },
          {}
        ]
      }
    }
  }
}
